Subheadline, Image, Text, Credits
Bergmannstraße 1, s2_01, Loren Ispum dolor metalofor id ea area irate west, this is my first credit line,
Bergmannstraße 2, s2_02, Loren Ispum dolor metalofor id ea area irate west, this is my first credit line,
Bergmannstraße 3, s2_03, Loren Ispum dolor metalofor id ea area irate west, this is my first credit line,
Bergmannstraße 4, s2_04, Loren Ispum dolor metalofor id ea area irate west, this is my first credit line,
Bergmannstraße 5, s2_05, Loren Ispum dolor metalofor id ea area irate west, this is my first credit line,
Bergmannstraße 6, s2_06, Loren Ispum dolor metalofor id ea area irate west, this is my first credit line,
Bergmannstraße 8, s2_08, Loren Ispum dolor metalofor id ea area irate west, this is my first credit line,
Bergmannstraße 7, s2_07, Loren Ispum dolor metalofor id ea area irate west, this is my first credit line,
Bergmannstraße 9, s2_09, Loren Ispum dolor metalofor id ea area irate west, this is my first credit line,
Bergmannstraße 10, s2_10, Loren Ispum dolor metalofor id ea area irate west, this is my first credit line,
Bergmannstraße 11, s2_11, Loren Ispum dolor metalofor id ea area irate west, this is my first credit line,
Bergmannstraße 12, s2_12, Loren Ispum dolor metalofor id ea area irate west, this is my first credit line,
Bergmannstraße 13, s2_13, Loren Ispum dolor metalofor id ea area irate west, this is my first credit line,
Bergmannstraße 14, s2_14, Loren Ispum dolor metalofor id ea area irate west, this is my first credit line,
Bergmannstraße 15, s2_15, Loren Ispum dolor metalofor id ea area irate west, this is my first credit line,
Bergmannstraße 16, s2_16, Loren Ispum dolor metalofor id ea area irate west, this is my first credit line,
Bergmannstraße 17, s2_17, Loren Ispum dolor metalofor id ea area irate west, this is my first credit line,
Bergmannstraße 18, s2_18, Loren Ispum dolor metalofor id ea area irate west, this is my first credit line,
Bergmannstraße 19, s2_19, Loren Ispum dolor metalofor id ea area irate west, this is my first credit line,
Bergmannstraße 20, s2_20, Loren Ispum dolor metalofor id ea area irate west, this is my first credit line,
Bergmannstraße 21, s2_21, Loren Ispum dolor metalofor id ea area irate west, this is my first credit line,
Bergmannstraße 22, s2_22, Loren Ispum dolor metalofor id ea area irate west, this is my first credit line,
Bergmannstraße 23, s2_23, Loren Ispum dolor metalofor id ea area irate west, this is my first credit line,
Bergmannstraße 24, s2_24, Loren Ispum dolor metalofor id ea area irate west, this is my first credit line,
Bergmannstraße 25, s2_25, Loren Ispum dolor metalofor id ea area irate west, this is my first credit line,
Bergmannstraße 28, s2_28, Loren Ispum dolor metalofor id ea area irate west, this is my first credit line,
Bergmannstraße 26, s2_26, Loren Ispum dolor metalofor id ea area irate west, this is my first credit line,
Bergmannstraße 27, s2_27, Loren Ispum dolor metalofor id ea area irate west, this is my first credit line,
Bergmannstraße 29, s2_29, Loren Ispum dolor metalofor id ea area irate west, this is my first credit line,
Bergmannstraße 30, s2_30, Loren Ispum dolor metalofor id ea area irate west, this is my first credit line,
Bergmannstraße 31, s2_31, Loren Ispum dolor metalofor id ea area irate west, this is my first credit line,
Bergmannstraße 32, s2_32, Loren Ispum dolor metalofor id ea area irate west, this is my first credit line,
Bergmannstraße 33, s2_33, Loren Ispum dolor metalofor id ea area irate west, this is my first credit line,
Bergmannstraße 34, 34, Loren Ispum dolor metalofor id ea area irate west, this is my first credit line,
Bergmannstraße 35, 33, Loren Ispum dolor metalofor id ea area irate west, this is my first credit line,
Bergmannstraße 36, 32, Loren Ispum dolor metalofor id ea area irate west, this is my first credit line,
Bergmannstraße 37, 31, Loren Ispum dolor metalofor id ea area irate west, this is my first credit line,
Bergmannstraße 38, 30, Loren Ispum dolor metalofor id ea area irate west, this is my first credit line,
Bergmannstraße 39, 28, Loren Ispum dolor metalofor id ea area irate west, this is my first credit line,
Bergmannstraße 40, 27, Loren Ispum dolor metalofor id ea area irate west, this is my first credit line,
Bergmannstraße 41, 26, Loren Ispum dolor metalofor id ea area irate west, this is my first credit line,
Bergmannstraße 42, 25, Loren Ispum dolor metalofor id ea area irate west, this is my first credit line,
Bergmannstraße 43, 24, Loren Ispum dolor metalofor id ea area irate west, this is my first credit line,
Bergmannstraße 44, 23, Loren Ispum dolor metalofor id ea area irate west, this is my first credit line,
Bergmannstraße 45, 22, Loren Ispum dolor metalofor id ea area irate west, this is my first credit line,
Bergmannstraße 46, 21, Loren Ispum dolor metalofor id ea area irate west, this is my first credit line,
Bergmannstraße 47, 20, Loren Ispum dolor metalofor id ea area irate west, this is my first credit line,
Bergmannstraße 48, 19, Loren Ispum dolor metalofor id ea area irate west, this is my first credit line,
Bergmannstraße 49, 18, Loren Ispum dolor metalofor id ea area irate west, this is my first credit line,
Bergmannstraße 50, 17, Loren Ispum dolor metalofor id ea area irate west, this is my first credit line,
Bergmannstraße 51, 16, Loren Ispum dolor metalofor id ea area irate west, this is my first credit line,
Bergmannstraße 52, 15, Loren Ispum dolor metalofor id ea area irate west, this is my first credit line,
Bergmannstraße 53, 14, Loren Ispum dolor metalofor id ea area irate west, this is my first credit line,
Bergmannstraße 54, 13, Loren Ispum dolor metalofor id ea area irate west, this is my first credit line,
Bergmannstraße 55, 12, Loren Ispum dolor metalofor id ea area irate west, this is my first credit line,
Bergmannstraße 56, 11, Loren Ispum dolor metalofor id ea area irate west, this is my first credit line,
Bergmannstraße 57, 10, Loren Ispum dolor metalofor id ea area irate west, this is my first credit line,
Bergmannstraße 58, 09, Loren Ispum dolor metalofor id ea area irate west, this is my first credit line,
Bergmannstraße 59, 08, Loren Ispum dolor metalofor id ea area irate west, this is my first credit line,
Bergmannstraße 60, 07, Loren Ispum dolor metalofor id ea area irate west, this is my first credit line,
Bergmannstraße 61, 06, Loren Ispum dolor metalofor id ea area irate west, this is my first credit line,
Bergmannstraße 62, 05, Loren Ispum dolor metalofor id ea area irate west, this is my first credit line,
Bergmannstraße 63, 04, Loren Ispum dolor metalofor id ea area irate west, this is my first credit line,
Bergmannstraße 64, 03, Loren Ispum dolor metalofor id ea area irate west, this is my first credit line,
Bergmannstraße 65, 02, Loren Ispum dolor metalofor id ea area irate west, this is my first credit line,
Bergmannstraße 66, 001, Loren Ispum dolor metalofor id ea area irate west, this is my first credit line,